id,printed_at,printed_by,layout,size_mm,extra,copies,output_mode,batch_label
26N4T5BU5FCG,2026-05-08T13:03:10Z,gerchowl,horz,8,{},1,dk-1201-3x5-micro,B-2026-05-08-sheet-1
2Y5PZVD7PBK9,2026-05-08T13:03:10Z,gerchowl,horz,8,{},1,dk-1201-3x5-micro,B-2026-05-08-sheet-1
3NYKQ7D2GRX3,2026-05-08T13:03:10Z,gerchowl,horz,8,{},1,dk-1201-3x5-micro,B-2026-05-08-sheet-1
4M4DWPCHD9PT,2026-05-08T13:03:10Z,gerchowl,horz,8,{},1,dk-1201-3x5-micro,B-2026-05-08-sheet-1
6ANHM6BVF658,2026-05-08T13:03:10Z,gerchowl,horz,8,{},1,dk-1201-3x5-micro,B-2026-05-08-sheet-1
7SQ8UDE64KND,2026-05-08T13:03:10Z,gerchowl,horz,8,{},1,dk-1201-3x5-micro,B-2026-05-08-sheet-1
7TB6KMHVS3FN,2026-05-08T13:03:10Z,gerchowl,horz,8,{},1,dk-1201-3x5-micro,B-2026-05-08-sheet-1
7VM9EHSGBAGS,2026-05-08T13:03:10Z,gerchowl,horz,8,{},1,dk-1201-3x5-micro,B-2026-05-08-sheet-1
8B84WJ6NTKHK,2026-05-08T13:03:10Z,gerchowl,horz,8,{},1,dk-1201-3x5-micro,B-2026-05-08-sheet-1
8NKVUJWBEX7H,2026-05-08T13:03:10Z,gerchowl,horz,8,{},1,dk-1201-3x5-micro,B-2026-05-08-sheet-1
95QNBHDNGFG7,2026-05-08T13:03:10Z,gerchowl,horz,8,{},1,dk-1201-3x5-micro,B-2026-05-08-sheet-1
9QXUJWBNFPAH,2026-05-08T13:03:10Z,gerchowl,horz,8,{},1,dk-1201-3x5-micro,B-2026-05-08-sheet-1
9XZA6QB9SBDY,2026-05-08T13:03:10Z,gerchowl,horz,8,{},1,dk-1201-3x5-micro,B-2026-05-08-sheet-1
BDFAJRW5RHNQ,2026-05-08T13:03:10Z,gerchowl,horz,8,{},1,dk-1201-3x5-micro,B-2026-05-08-sheet-1
BRE5HWM5HW2C,2026-05-08T13:03:10Z,gerchowl,horz,8,{},1,dk-1201-3x5-micro,B-2026-05-08-sheet-1
C6V9R454R9RU,2026-05-08T13:03:10Z,gerchowl,horz,8,{},1,dk-1201-3x5-micro,B-2026-05-08-sheet-1
CHNHTGSPP4TE,2026-05-08T13:03:10Z,gerchowl,horz,8,{},1,dk-1201-3x5-micro,B-2026-05-08-sheet-1
CR99NXPTVC2K,2026-05-08T13:03:10Z,gerchowl,horz,8,{},1,dk-1201-3x5-micro,B-2026-05-08-sheet-1
D6ZMRZ4MAG8Z,2026-05-08T13:03:10Z,gerchowl,horz,8,{},1,dk-1201-3x5-micro,B-2026-05-08-sheet-1
D77DDFRY672M,2026-05-08T13:03:10Z,gerchowl,horz,8,{},1,dk-1201-3x5-micro,B-2026-05-08-sheet-1
DBSF7FBS8TJR,2026-05-08T13:03:10Z,gerchowl,horz,8,{},1,dk-1201-3x5-micro,B-2026-05-08-sheet-1
DE86DRRUSDKF,2026-05-08T13:03:10Z,gerchowl,horz,8,{},1,dk-1201-3x5-micro,B-2026-05-08-sheet-1
E7UDVXGW4QXB,2026-05-08T13:03:10Z,gerchowl,horz,8,{},1,dk-1201-3x5-micro,B-2026-05-08-sheet-1
FBBUVJK9JYD9,2026-05-08T13:03:10Z,gerchowl,horz,8,{},1,dk-1201-3x5-micro,B-2026-05-08-sheet-1
FBZ9GZ4VUD9G,2026-05-08T13:03:10Z,gerchowl,horz,8,{},1,dk-1201-3x5-micro,B-2026-05-08-sheet-1
GFUB7T9KD9TR,2026-05-08T13:03:10Z,gerchowl,horz,8,{},1,dk-1201-3x5-micro,B-2026-05-08-sheet-1
GND3DBYFRXP8,2026-05-08T13:03:10Z,gerchowl,horz,8,{},1,dk-1201-3x5-micro,B-2026-05-08-sheet-1
HDKSGVFSPFFF,2026-05-08T13:03:10Z,gerchowl,horz,8,{},1,dk-1201-3x5-micro,B-2026-05-08-sheet-1
HP5U3YMTXVJ3,2026-05-08T13:03:10Z,gerchowl,horz,8,{},1,dk-1201-3x5-micro,B-2026-05-08-sheet-1
KRFAK4Z66QGN,2026-05-08T13:03:10Z,gerchowl,horz,8,{},1,dk-1201-3x5-micro,B-2026-05-08-sheet-1
N9ETSZ7GKKFK,2026-05-08T13:03:10Z,gerchowl,horz,8,{},1,dk-1201-3x5-micro,B-2026-05-08-sheet-1
NPX8YTV29B3U,2026-05-08T13:03:10Z,gerchowl,horz,8,{},1,dk-1201-3x5-micro,B-2026-05-08-sheet-1
QC5RDWXF42ZE,2026-05-08T13:03:10Z,gerchowl,horz,8,{},1,dk-1201-3x5-micro,B-2026-05-08-sheet-1
RN9ESJY4AYW3,2026-05-08T13:03:10Z,gerchowl,horz,8,{},1,dk-1201-3x5-micro,B-2026-05-08-sheet-1
RUBMM9QKUN2U,2026-05-08T13:03:10Z,gerchowl,horz,8,{},1,dk-1201-3x5-micro,B-2026-05-08-sheet-1
RWZR3JWVKUJH,2026-05-08T13:03:10Z,gerchowl,horz,8,{},1,dk-1201-3x5-micro,B-2026-05-08-sheet-1
TMNQMWKMFXZ4,2026-05-08T13:03:10Z,gerchowl,horz,8,{},1,dk-1201-3x5-micro,B-2026-05-08-sheet-1
VE2AXJYMZRKW,2026-05-08T13:03:10Z,gerchowl,horz,8,{},1,dk-1201-3x5-micro,B-2026-05-08-sheet-1
VWFHN2RAVHZX,2026-05-08T13:03:10Z,gerchowl,horz,8,{},1,dk-1201-3x5-micro,B-2026-05-08-sheet-1
WHHCT9ZBPVXJ,2026-05-08T13:03:10Z,gerchowl,horz,8,{},1,dk-1201-3x5-micro,B-2026-05-08-sheet-1
WJJU9K9JW7A6,2026-05-08T13:03:10Z,gerchowl,horz,8,{},1,dk-1201-3x5-micro,B-2026-05-08-sheet-1
YGMN48HUNQ5P,2026-05-08T13:03:10Z,gerchowl,horz,8,{},1,dk-1201-3x5-micro,B-2026-05-08-sheet-1
YGZXXWJ9XPK6,2026-05-08T13:03:10Z,gerchowl,horz,8,{},1,dk-1201-3x5-micro,B-2026-05-08-sheet-1
Z4UF5KP7U79J,2026-05-08T13:03:10Z,gerchowl,horz,8,{},1,dk-1201-3x5-micro,B-2026-05-08-sheet-1
ZYVSCA2F6T5E,2026-05-08T13:03:10Z,gerchowl,horz,8,{},1,dk-1201-3x5-micro,B-2026-05-08-sheet-1
